filename,date,topics,keywords
CREC-2005-07-12-pt1-PgD739-2.pdf,"July 12, 2005",4,"subcommittee, march, federal, fiscal, year, national, hearings, rayburn, services, states"
CREC-2018-11-13-pt1-PgD1164.pdf,"November 13, 2018",3,"subcommittee, states, united, federal, house, national, state, examine, public, rayburn"
CREC-2006-03-09-pt1-PgD217-2.pdf,"March 9, 2006",4,"subcommittee, march, federal, fiscal, year, national, hearings, rayburn, services, states"
CREC-2002-06-18-pt1-PgD636.pdf,"June 18, 2002",1,"house, subcommittee, vote, department, public, roll, rule, national, heard, states"
CREC-2014-03-25-pt1-PgD309-2.pdf,"March 25, 2014",6,"subcommittee, department, defense, security, united, national, states, entitled, veterans, affairs"
CREC-2000-02-24-pt1-PgD119-4.pdf,"February 24, 2000",7,"subcommittee, march, year, fiscal, hold, hearings, april, national, rayburn, federal"
CREC-2005-05-04-pt1-PgD438.pdf,"May 4, 2005",1,"house, subcommittee, vote, department, public, roll, rule, national, heard, states"
CREC-2015-05-14-pt1-PgD540.pdf,"May 14, 2015",1,"house, subcommittee, vote, department, public, roll, rule, national, heard, states"
CREC-2016-02-02-pt1-PgD92.pdf,"February 2, 2016",3,"subcommittee, states, united, federal, house, national, state, examine, public, rayburn"
CREC-2020-12-21-pt3-PgD1123-2.pdf,"December 21, 2020",0,"subcommittee, states, senate, june, united, house, public, national, federal, service"
CREC-1998-07-07-pt1-PgD728.pdf,"July 7, 1998",3,"subcommittee, states, united, federal, house, national, state, examine, public, rayburn"
CREC-2002-07-09-pt1-PgD724.pdf,"July 9, 2002",1,"house, subcommittee, vote, department, public, roll, rule, national, heard, states"
CREC-2003-04-10-pt2-PgD388.pdf,"April 10, 2003",6,"subcommittee, department, defense, security, united, national, states, entitled, veterans, affairs"
CREC-2004-06-16-pt2-PgD627.pdf,"June 16, 2004",1,"house, subcommittee, vote, department, public, roll, rule, national, heard, states"
CREC-2005-09-14-pt1-PgD916.pdf,"September 14, 2005",5,"states, united, subcommittee, national, entitled, state, vote, district, rept, house"
CREC-2008-04-01-pt1-PgD353.pdf,"April 1, 2008",4,"subcommittee, march, federal, fiscal, year, national, hearings, rayburn, services, states"
CREC-1995-03-03-pt1-PgD284.pdf,"March 3, 1995",4,"subcommittee, march, federal, fiscal, year, national, hearings, rayburn, services, states"
CREC-2002-10-15-pt2-PgD1087-2.pdf,"October 16, 2002",3,"subcommittee, states, united, federal, house, national, state, examine, public, rayburn"
CREC-1996-09-09-pt1-PgD907.pdf,"September 9, 1996",0,"subcommittee, states, senate, june, united, house, public, national, federal, service"
CREC-2016-06-15-pt1-PgD667.pdf,"June 15, 2016",6,"subcommittee, department, defense, security, united, national, states, entitled, veterans, affairs"
CREC-1999-06-28-pt1-PgD738-5.pdf,"June 28, 1999",0,"subcommittee, states, senate, june, united, house, public, national, federal, service"
CREC-1997-04-07-pt1-PgD294-5.pdf,"April 7, 1997",7,"subcommittee, march, year, fiscal, hold, hearings, april, national, rayburn, federal"
CREC-2008-03-13-pt2-PgD289.pdf,"March 13, 2008",2,"senate, amendment, vote, yeas, fund, neutral, reserve, nays, states, united"
CREC-2001-05-08-pt1-PgD410.pdf,"May 8, 2001",2,"senate, amendment, vote, yeas, fund, neutral, reserve, nays, states, united"
CREC-2014-02-26-pt1-PgD181-2.pdf,"February 26, 2014",6,"subcommittee, department, defense, security, united, national, states, entitled, veterans, affairs"
CREC-2001-05-08-pt1-PgD412.pdf,"May 8, 2001",1,"house, subcommittee, vote, department, public, roll, rule, national, heard, states"
CREC-2001-06-05-pt1-PgD530-2.pdf,"June 5, 2001",1,"house, subcommittee, vote, department, public, roll, rule, national, heard, states"
CREC-2000-09-14-pt1-PgD915.pdf,"September 14, 2000",0,"subcommittee, states, senate, june, united, house, public, national, federal, service"
CREC-2003-07-18-pt1-PgD848-3.pdf,"July 18, 2003",2,"senate, amendment, vote, yeas, fund, neutral, reserve, nays, states, united"
CREC-2005-09-20-pt1-PgD939-2.pdf,"September 20, 2005",3,"subcommittee, states, united, federal, house, national, state, examine, public, rayburn"
CREC-2016-02-01-pt1-PgD80.pdf,"February 1, 2016",3,"subcommittee, states, united, federal, house, national, state, examine, public, rayburn"
CREC-2002-03-15-pt1-PgD243-4.pdf,"March 15, 2002",0,"subcommittee, states, senate, june, united, house, public, national, federal, service"
CREC-2003-07-17-pt2-PgD844.pdf,"July 17, 2003",0,"subcommittee, states, senate, june, united, house, public, national, federal, service"
CREC-1996-06-25-pt2-PgD667.pdf,"June 25, 1996",1,"house, subcommittee, vote, department, public, roll, rule, national, heard, states"
CREC-2008-01-30-pt1-PgD64-2.pdf,"January 30, 2008",3,"subcommittee, states, united, federal, house, national, state, examine, public, rayburn"
CREC-2015-01-28-pt1-PgD72.pdf,"January 28, 2015",2,"senate, amendment, vote, yeas, fund, neutral, reserve, nays, states, united"
CREC-2001-05-09-pt1-PgD417.pdf,"May 9, 2001",5,"states, united, subcommittee, national, entitled, state, vote, district, rept, house"
CREC-2014-07-15-pt1-PgD790.pdf,"July 15, 2014",3,"subcommittee, states, united, federal, house, national, state, examine, public, rayburn"
CREC-1995-03-02-pt1-PgD274-2.pdf,"March 2, 1995",4,"subcommittee, march, federal, fiscal, year, national, hearings, rayburn, services, states"
CREC-2014-03-24-pt1-PgD298.pdf,"March 24, 2014",3,"subcommittee, states, united, federal, house, national, state, examine, public, rayburn"
CREC-2005-07-11-pt1-PgD728-2.pdf,"July 11, 2005",1,"house, subcommittee, vote, department, public, roll, rule, national, heard, states"
CREC-1999-06-29-pt1-PgD743.pdf,"June 29, 1999",3,"subcommittee, states, united, federal, house, national, state, examine, public, rayburn"
CREC-2002-06-18-pt1-PgD634.pdf,"June 18, 2002",1,"house, subcommittee, vote, department, public, roll, rule, national, heard, states"
CREC-1995-07-14-pt1-PgD858-4.pdf,"July 14, 1995",7,"subcommittee, march, year, fiscal, hold, hearings, april, national, rayburn, federal"
CREC-2017-09-08-pt1-PgD946-3.pdf,"September 8, 2017",0,"subcommittee, states, senate, june, united, house, public, national, federal, service"
CREC-1998-03-04-pt1-PgD172.pdf,"March 4, 1998",7,"subcommittee, march, year, fiscal, hold, hearings, april, national, rayburn, federal"
CREC-2000-05-02-pt1-PgD410.pdf,"May 2, 2000",2,"senate, amendment, vote, yeas, fund, neutral, reserve, nays, states, united"
CREC-2011-12-02-pt1-PgD1309.pdf,"December 2, 2011",3,"subcommittee, states, united, federal, house, national, state, examine, public, rayburn"
CREC-2000-09-13-pt1-PgD907.pdf,"September 13, 2000",3,"subcommittee, states, united, federal, house, national, state, examine, public, rayburn"
CREC-2001-03-28-pt1-PgD280.pdf,"March 28, 2001",0,"subcommittee, states, senate, june, united, house, public, national, federal, service"
CREC-2014-09-08-pt1-PgD921.pdf,"September 8, 2014",5,"states, united, subcommittee, national, entitled, state, vote, district, rept, house"
CREC-2023-09-20-pt1-PgD902.pdf,"September 20, 2023",3,"subcommittee, states, united, federal, house, national, state, examine, public, rayburn"
CREC-2005-07-15-pt1-PgD762.pdf,"July 15, 2005",7,"subcommittee, march, year, fiscal, hold, hearings, april, national, rayburn, federal"
CREC-2003-07-17-pt2-PgD841.pdf,"July 17, 2003",5,"states, united, subcommittee, national, entitled, state, vote, district, rept, house"
CREC-2006-09-28-pt2-PgD1059.pdf,"September 28, 2006",1,"house, subcommittee, vote, department, public, roll, rule, national, heard, states"
CREC-2011-05-12-pt1-PgD496.pdf,"May 12, 2011",0,"subcommittee, states, senate, june, united, house, public, national, federal, service"
CREC-2014-09-09-pt1-PgD930.pdf,"September 9, 2014",0,"subcommittee, states, senate, june, united, house, public, national, federal, service"
CREC-2009-12-02-pt1-PgD1387.pdf,"December 2, 2009",5,"states, united, subcommittee, national, entitled, state, vote, district, rept, house"
CREC-1995-05-18-pt1-PgD631.pdf,"May 18, 1995",4,"subcommittee, march, federal, fiscal, year, national, hearings, rayburn, services, states"
CREC-2020-09-22-pt1-PgD834.pdf,"September 22, 2020",6,"subcommittee, department, defense, security, united, national, states, entitled, veterans, affairs"
CREC-1998-07-22-pt1-PgD810.pdf,"July 22, 1998",0,"subcommittee, states, senate, june, united, house, public, national, federal, service"
CREC-2024-04-29-pt1-PgD409-3.pdf,"April 29, 2024",2,"senate, amendment, vote, yeas, fund, neutral, reserve, nays, states, united"
CREC-2000-06-20-pt1-PgD630.pdf,"June 20, 2000",1,"house, subcommittee, vote, department, public, roll, rule, national, heard, states"
CREC-1997-05-07-pt1-PgD439.pdf,"May 7, 1997",2,"senate, amendment, vote, yeas, fund, neutral, reserve, nays, states, united"
CREC-2018-11-14-pt1-PgD1173.pdf,"November 14, 2018",3,"subcommittee, states, united, federal, house, national, state, examine, public, rayburn"
CREC-2006-03-16-pt2-PgD263.pdf,"March 16, 2006",6,"subcommittee, department, defense, security, united, national, states, entitled, veterans, affairs"
CREC-2016-03-14-pt1-PgD248.pdf,"March 14, 2016",7,"subcommittee, march, year, fiscal, hold, hearings, april, national, rayburn, federal"
CREC-2009-04-02-pt1-PgD396.pdf,"April 2, 2009",2,"senate, amendment, vote, yeas, fund, neutral, reserve, nays, states, united"
CREC-1995-05-10-pt1-PgD578.pdf,"May 10, 1995",2,"senate, amendment, vote, yeas, fund, neutral, reserve, nays, states, united"
CREC-2018-02-15-pt1-PgD176.pdf,"February 15, 2018",5,"states, united, subcommittee, national, entitled, state, vote, district, rept, house"
CREC-2000-05-03-pt1-PgD417.pdf,"May 3, 2000",1,"house, subcommittee, vote, department, public, roll, rule, national, heard, states"
CREC-2020-09-23-pt1-PgD838-2.pdf,"September 23, 2020",0,"subcommittee, states, senate, june, united, house, public, national, federal, service"
CREC-2017-05-09-pt1-PgD510-4.pdf,"May 9, 2017",3,"subcommittee, states, united, federal, house, national, state, examine, public, rayburn"
CREC-2003-06-25-pt2-PgD734.pdf,"June 25, 2003",0,"subcommittee, states, senate, june, united, house, public, national, federal, service"
CREC-2011-10-07-pt1-PgD1068-6.pdf,"October 7, 2011",5,"states, united, subcommittee, national, entitled, state, vote, district, rept, house"
CREC-2016-02-26-pt1-PgD179-3.pdf,"February 26, 2016",2,"senate, amendment, vote, yeas, fund, neutral, reserve, nays, states, united"
CREC-1995-05-17-pt1-PgD624.pdf,"May 17, 1995",4,"subcommittee, march, federal, fiscal, year, national, hearings, rayburn, services, states"
CREC-2003-04-09-pt2-PgDnull-4.pdf,"April 10, 2003",1,"house, subcommittee, vote, department, public, roll, rule, national, heard, states"
CREC-2001-05-07-pt1-PgD404-3.pdf,Unknown Date,7,"subcommittee, march, year, fiscal, hold, hearings, april, national, rayburn, federal"
CREC-2000-06-21-pt2-PgD639.pdf,"June 21, 2000",0,"subcommittee, states, senate, june, united, house, public, national, federal, service"
CREC-2016-03-15-pt1-PgD259.pdf,"March 15, 2016",6,"subcommittee, department, defense, security, united, national, states, entitled, veterans, affairs"
CREC-1995-03-10-pt1-PgD331.pdf,"March 10, 1995",7,"subcommittee, march, year, fiscal, hold, hearings, april, national, rayburn, federal"
CREC-2002-01-29-pt1-PgD23.pdf,"January 29, 2002",0,"subcommittee, states, senate, june, united, house, public, national, federal, service"
CREC-2017-05-08-pt1-PgD504.pdf,"May 8, 2017",7,"subcommittee, march, year, fiscal, hold, hearings, april, national, rayburn, federal"
CREC-2001-05-24-pt1-PgD509.pdf,"May 24, 2001",0,"subcommittee, states, senate, june, united, house, public, national, federal, service"
CREC-2007-05-08-pt1-PgD640.pdf,"May 8, 2007",4,"subcommittee, march, federal, fiscal, year, national, hearings, rayburn, services, states"
CREC-2015-07-07-pt1-PgD779.pdf,"July 7, 2015",1,"house, subcommittee, vote, department, public, roll, rule, national, heard, states"
CREC-2009-09-22-pt1-PgD1071.pdf,"September 22, 2009",1,"house, subcommittee, vote, department, public, roll, rule, national, heard, states"
CREC-1996-07-24-pt1-PgD805.pdf,"July 24, 1996",3,"subcommittee, states, united, federal, house, national, state, examine, public, rayburn"
CREC-2011-10-03-pt1-PgD1033-2.pdf,"October 3, 2011",4,"subcommittee, march, federal, fiscal, year, national, hearings, rayburn, services, states"
CREC-2025-09-10-pt1-PgD906.pdf,"September 10, 2025",5,"states, united, subcommittee, national, entitled, state, vote, district, rept, house"
CREC-1997-05-15-pt1-PgD489.pdf,"May 15, 1997",2,"senate, amendment, vote, yeas, fund, neutral, reserve, nays, states, united"
CREC-2011-12-01-pt1-PgD1301.pdf,"December 1, 2011",2,"senate, amendment, vote, yeas, fund, neutral, reserve, nays, states, united"
CREC-2001-03-22-pt1-PgD255.pdf,"March 22, 2001",1,"house, subcommittee, vote, department, public, roll, rule, national, heard, states"
CREC-2018-11-27-pt1-PgD1206.pdf,"November 27, 2018",3,"subcommittee, states, united, federal, house, national, state, examine, public, rayburn"
CREC-1997-09-26-pt1-PgD1018.pdf,"September 26, 1997",4,"subcommittee, march, federal, fiscal, year, national, hearings, rayburn, services, states"
CREC-2008-03-31-pt1-PgD341-4.pdf,"March 31, 2008",7,"subcommittee, march, year, fiscal, hold, hearings, april, national, rayburn, federal"
CREC-1995-07-10-pt1-PgD823-3.pdf,"July 10, 1995",0,"subcommittee, states, senate, june, united, house, public, national, federal, service"
CREC-2005-09-28-pt1-PgD979.pdf,"September 28, 2005",1,"house, subcommittee, vote, department, public, roll, rule, national, heard, states"
CREC-2002-07-10-pt1-PgD732.pdf,"July 10, 2002",1,"house, subcommittee, vote, department, public, roll, rule, national, heard, states"
CREC-1997-09-24-pt1-PgD997.pdf,"September 24, 1997",3,"subcommittee, states, united, federal, house, national, state, examine, public, rayburn"
CREC-2018-06-12-pt1-PgD659.pdf,"June 12, 2018",1,"house, subcommittee, vote, department, public, roll, rule, national, heard, states"
CREC-2005-05-13-pt1-PgD482-3.pdf,"May 13, 2005",7,"subcommittee, march, year, fiscal, hold, hearings, april, national, rayburn, federal"
CREC-2002-06-19-pt1-PgD644.pdf,"June 19, 2002",5,"states, united, subcommittee, national, entitled, state, vote, district, rept, house"
CREC-1999-06-25-pt1-PgD732-2.pdf,"June 25, 1999",0,"subcommittee, states, senate, june, united, house, public, national, federal, service"
CREC-1996-06-21-pt1-PgD654-5.pdf,"June 21, 1996",0,"subcommittee, states, senate, june, united, house, public, national, federal, service"
CREC-1999-05-27-pt1-PgD608.pdf,"May 27, 1999",3,"subcommittee, states, united, federal, house, national, state, examine, public, rayburn"
CREC-1998-07-14-pt1-PgD758.pdf,"July 14, 1998",0,"subcommittee, states, senate, june, united, house, public, national, federal, service"
CREC-2018-12-21-pt1-PgD1314.pdf,"December 21, 2018",2,"senate, amendment, vote, yeas, fund, neutral, reserve, nays, states, united"
CREC-2014-03-26-pt1-PgD317.pdf,"March 26, 2014",2,"senate, amendment, vote, yeas, fund, neutral, reserve, nays, states, united"
CREC-1995-03-01-pt1-PgD268.pdf,"March 1, 1995",4,"subcommittee, march, federal, fiscal, year, national, hearings, rayburn, services, states"
CREC-2000-05-22-pt1-PgD506-2.pdf,"May 22, 2000",2,"senate, amendment, vote, yeas, fund, neutral, reserve, nays, states, united"
CREC-2015-01-20-pt1-PgD40.pdf,"January 20, 2015",2,"senate, amendment, vote, yeas, fund, neutral, reserve, nays, states, united"
CREC-2011-05-11-pt1-PgD487.pdf,"May 11, 2011",1,"house, subcommittee, vote, department, public, roll, rule, national, heard, states"
CREC-2006-05-17-pt2-PgD500.pdf,"May 17, 2006",2,"senate, amendment, vote, yeas, fund, neutral, reserve, nays, states, united"
CREC-2011-07-26-pt1-PgD845.pdf,"July 26, 2011",1,"house, subcommittee, vote, department, public, roll, rule, national, heard, states"
CREC-2020-09-21-pt1-PgD824.pdf,"September 21, 2020",5,"states, united, subcommittee, national, entitled, state, vote, district, rept, house"
CREC-1995-08-08-pt1-PgD1008.pdf,"August 8, 1995",2,"senate, amendment, vote, yeas, fund, neutral, reserve, nays, states, united"
CREC-1997-04-09-pt1-PgD311.pdf,"April 9, 1997",4,"subcommittee, march, federal, fiscal, year, national, hearings, rayburn, services, states"
CREC-2007-05-09-pt1-PgD652.pdf,"May 9, 2007",3,"subcommittee, states, united, federal, house, national, state, examine, public, rayburn"
CREC-2009-09-17-pt1-PgD1059-2.pdf,"September 17, 2009",4,"subcommittee, march, federal, fiscal, year, national, hearings, rayburn, services, states"
CREC-2014-03-13-pt1-PgD281.pdf,"March 13, 2014",1,"house, subcommittee, vote, department, public, roll, rule, national, heard, states"
CREC-2011-07-27-pt1-PgD855.pdf,"July 27, 2011",1,"house, subcommittee, vote, department, public, roll, rule, national, heard, states"
CREC-2024-06-12-pt1-PgD607.pdf,"June 12, 2024",1,"house, subcommittee, vote, department, public, roll, rule, national, heard, states"
CREC-2018-07-17-pt1-PgD822.pdf,"July 17, 2018",3,"subcommittee, states, united, federal, house, national, state, examine, public, rayburn"
CREC-2025-03-04-pt1-PgD216.pdf,"March 4, 2025",1,"house, subcommittee, vote, department, public, roll, rule, national, heard, states"
CREC-1999-05-26-pt1-PgD596.pdf,"May 26, 1999",3,"subcommittee, states, united, federal, house, national, state, examine, public, rayburn"
CREC-2005-09-09-pt1-PgD895-5.pdf,"September 9, 2005",0,"subcommittee, states, senate, june, united, house, public, national, federal, service"
CREC-2005-05-18-pt1-PgD510.pdf,"May 18, 2005",1,"house, subcommittee, vote, department, public, roll, rule, national, heard, states"
CREC-2016-12-09-pt1-PgD1119.pdf,"December 9, 2016",2,"senate, amendment, vote, yeas, fund, neutral, reserve, nays, states, united"
CREC-2023-10-25-pt1-PgD1087.pdf,"October 25, 2023",6,"subcommittee, department, defense, security, united, national, states, entitled, veterans, affairs"
CREC-1998-02-27-pt1-PgD141.pdf,"February 27, 1998",7,"subcommittee, march, year, fiscal, hold, hearings, april, national, rayburn, federal"
CREC-1999-10-19-pt1-PgD1157.pdf,"October 19, 1999",0,"subcommittee, states, senate, june, united, house, public, national, federal, service"
CREC-1995-03-06-pt1-PgD293-2.pdf,"March 6, 1995",4,"subcommittee, march, federal, fiscal, year, national, hearings, rayburn, services, states"
CREC-1995-05-24-pt1-PgD662.pdf,"May 24, 1995",4,"subcommittee, march, federal, fiscal, year, national, hearings, rayburn, services, states"
CREC-2025-02-25-pt1-PgD185.pdf,"February 25, 2025",6,"subcommittee, department, defense, security, united, national, states, entitled, veterans, affairs"
CREC-2014-02-24-pt1-PgD159.pdf,"February 24, 2014",5,"states, united, subcommittee, national, entitled, state, vote, district, rept, house"
CREC-1995-06-16-pt1-PgD746-2.pdf,"June 16, 1995",0,"subcommittee, states, senate, june, united, house, public, national, federal, service"
CREC-2005-09-28-pt1-PgD981.pdf,"September 28, 2005",0,"subcommittee, states, senate, june, united, house, public, national, federal, service"
CREC-2016-06-13-pt1-PgD648-2.pdf,"June 13, 2016",1,"house, subcommittee, vote, department, public, roll, rule, national, heard, states"
CREC-2023-07-13-pt1-PgD718.pdf,"July 13, 2023",6,"subcommittee, department, defense, security, united, national, states, entitled, veterans, affairs"
CREC-2005-05-19-pt1-PgD515.pdf,"May 19, 2005",3,"subcommittee, states, united, federal, house, national, state, examine, public, rayburn"
CREC-1997-09-23-pt1-PgD992.pdf,"September 23, 1997",4,"subcommittee, march, federal, fiscal, year, national, hearings, rayburn, services, states"
CREC-2017-05-10-pt1-PgD514.pdf,"May 10, 2017",6,"subcommittee, department, defense, security, united, national, states, entitled, veterans, affairs"
CREC-1998-07-15-pt1-PgD766.pdf,"July 15, 1998",3,"subcommittee, states, united, federal, house, national, state, examine, public, rayburn"
CREC-2005-09-29-pt1-PgD991.pdf,"September 29, 2005",1,"house, subcommittee, vote, department, public, roll, rule, national, heard, states"
CREC-1997-09-30-pt1-PgD1034.pdf,"September 30, 1997",5,"states, united, subcommittee, national, entitled, state, vote, district, rept, house"
CREC-2018-01-08-pt1-PgD15.pdf,"January 8, 2018",0,"subcommittee, states, senate, june, united, house, public, national, federal, service"
CREC-2002-06-17-pt1-PgD626-2.pdf,"June 17, 2002",2,"senate, amendment, vote, yeas, fund, neutral, reserve, nays, states, united"
CREC-2016-04-20-pt1-PgD407-2.pdf,"April 20, 2016",1,"house, subcommittee, vote, department, public, roll, rule, national, heard, states"
CREC-2004-07-16-pt1-PgD785-3.pdf,"July 16, 2004",5,"states, united, subcommittee, national, entitled, state, vote, district, rept, house"
CREC-2018-07-18-pt1-PgD833.pdf,"July 18, 2018",3,"subcommittee, states, united, federal, house, national, state, examine, public, rayburn"
CREC-2000-10-26-pt2-PgD1135.pdf,"October 26, 2000",2,"senate, amendment, vote, yeas, fund, neutral, reserve, nays, states, united"
CREC-2016-09-21-pt1-PgD955-2.pdf,"September 21, 2016",0,"subcommittee, states, senate, june, united, house, public, national, federal, service"
CREC-2011-05-05-pt1-PgD460-2.pdf,"May 5, 2011",7,"subcommittee, march, year, fiscal, hold, hearings, april, national, rayburn, federal"
CREC-2011-10-12-pt1-PgD1088.pdf,"October 12, 2011",5,"states, united, subcommittee, national, entitled, state, vote, district, rept, house"
CREC-2000-02-01-pt1-PgD42.pdf,"February 1, 2000",4,"subcommittee, march, federal, fiscal, year, national, hearings, rayburn, services, states"
CREC-2014-07-16-pt1-PgD796.pdf,"July 16, 2014",6,"subcommittee, department, defense, security, united, national, states, entitled, veterans, affairs"
CREC-1995-05-05-pt1-PgD556-3.pdf,"May 5, 1995",7,"subcommittee, march, year, fiscal, hold, hearings, april, national, rayburn, federal"
CREC-1995-05-12-pt1-PgD597.pdf,"May 12, 1995",7,"subcommittee, march, year, fiscal, hold, hearings, april, national, rayburn, federal"
CREC-2002-06-14-pt1-PgD617-4.pdf,"June 14, 2002",0,"subcommittee, states, senate, june, united, house, public, national, federal, service"
CREC-2005-09-15-pt1-PgD927-2.pdf,"September 15, 2005",3,"subcommittee, states, united, federal, house, national, state, examine, public, rayburn"
CREC-1997-04-24-pt1-PgD384.pdf,"April 24, 1997",2,"senate, amendment, vote, yeas, fund, neutral, reserve, nays, states, united"
CREC-1995-05-25-pt1-PgD670.pdf,"May 25, 1995",4,"subcommittee, march, federal, fiscal, year, national, hearings, rayburn, services, states"
CREC-2002-01-29-pt1-PgD40.pdf,"January 29, 2002",6,"subcommittee, department, defense, security, united, national, states, entitled, veterans, affairs"
CREC-2005-09-21-pt1-PgD944.pdf,"September 21, 2005",4,"subcommittee, march, federal, fiscal, year, national, hearings, rayburn, services, states"
CREC-2025-03-03-pt1-PgD207.pdf,"March 3, 2025",5,"states, united, subcommittee, national, entitled, state, vote, district, rept, house"
CREC-1999-07-28-pt1-PgD877.pdf,"July 28, 1999",2,"senate, amendment, vote, yeas, fund, neutral, reserve, nays, states, united"
CREC-2005-02-15-pt1-PgD97.pdf,"February 15, 2005",0,"subcommittee, states, senate, june, united, house, public, national, federal, service"
CREC-2016-04-19-pt1-PgD399.pdf,"April 19, 2016",3,"subcommittee, states, united, federal, house, national, state, examine, public, rayburn"
CREC-2024-04-30-pt1-PgD417.pdf,"April 30, 2024",1,"house, subcommittee, vote, department, public, roll, rule, national, heard, states"
CREC-1996-06-24-pt1-PgD660-2.pdf,"June 24, 1996",0,"subcommittee, states, senate, june, united, house, public, national, federal, service"
CREC-2009-03-03-pt1-PgD202.pdf,"March 3, 2009",3,"subcommittee, states, united, federal, house, national, state, examine, public, rayburn"
CREC-2011-10-04-pt1-PgD1044.pdf,"October 4, 2011",6,"subcommittee, department, defense, security, united, national, states, entitled, veterans, affairs"
CREC-1997-09-19-pt1-PgD978-4.pdf,"September 19, 1997",7,"subcommittee, march, year, fiscal, hold, hearings, april, national, rayburn, federal"
CREC-2004-07-20-pt2-PgD807.pdf,"July 20, 2004",5,"states, united, subcommittee, national, entitled, state, vote, district, rept, house"
CREC-1997-09-23-pt1-PgD988.pdf,"September 23, 1997",4,"subcommittee, march, federal, fiscal, year, national, hearings, rayburn, services, states"
CREC-2015-05-06-pt1-PgD501.pdf,"May 6, 2015",0,"subcommittee, states, senate, june, united, house, public, national, federal, service"
CREC-2004-07-21-pt2-PgD817.pdf,"July 21, 2004",0,"subcommittee, states, senate, june, united, house, public, national, federal, service"
CREC-1995-05-19-pt1-PgD636-4.pdf,"May 19, 1995",4,"subcommittee, march, federal, fiscal, year, national, hearings, rayburn, services, states"
CREC-2003-04-09-pt2-PgD382.pdf,"April 9, 2003",7,"subcommittee, march, year, fiscal, hold, hearings, april, national, rayburn, federal"
CREC-1999-07-21-pt1-PgD842.pdf,"July 21, 1999",3,"subcommittee, states, united, federal, house, national, state, examine, public, rayburn"
CREC-2000-06-19-pt1-PgD620.pdf,"June 19, 2000",4,"subcommittee, march, federal, fiscal, year, national, hearings, rayburn, services, states"
CREC-2000-09-08-pt1-PgD880-4.pdf,"September 8, 2000",6,"subcommittee, department, defense, security, united, national, states, entitled, veterans, affairs"
CREC-2015-01-21-pt1-PgD45.pdf,"January 21, 2015",2,"senate, amendment, vote, yeas, fund, neutral, reserve, nays, states, united"
CREC-2013-03-22-pt1-PgD265.pdf,"March 22, 2013",2,"senate, amendment, vote, yeas, fund, neutral, reserve, nays, states, united"
CREC-1997-09-22-pt1-PgD984-3.pdf,"September 22, 1997",4,"subcommittee, march, federal, fiscal, year, national, hearings, rayburn, services, states"
CREC-2005-01-04-pt1-PgD6-2.pdf,"January 4, 2005",1,"house, subcommittee, vote, department, public, roll, rule, national, heard, states"
CREC-2003-07-16-pt1-PgD832.pdf,"July 16, 2003",6,"subcommittee, department, defense, security, united, national, states, entitled, veterans, affairs"
CREC-2018-11-16-pt1-PgD1186-3.pdf,"November 16, 2018",2,"senate, amendment, vote, yeas, fund, neutral, reserve, nays, states, united"
CREC-1997-05-07-pt1-PgD443.pdf,"May 7, 1997",2,"senate, amendment, vote, yeas, fund, neutral, reserve, nays, states, united"
CREC-1997-10-31-pt1-PgD1186.pdf,"October 31, 1997",0,"subcommittee, states, senate, june, united, house, public, national, federal, service"
CREC-1995-03-07-pt1-PgD299.pdf,"March 7, 1995",7,"subcommittee, march, year, fiscal, hold, hearings, april, national, rayburn, federal"
CREC-2000-02-29-pt1-PgD138.pdf,"February 29, 2000",1,"house, subcommittee, vote, department, public, roll, rule, national, heard, states"
CREC-2016-04-18-pt1-PgD387.pdf,"April 18, 2016",7,"subcommittee, march, year, fiscal, hold, hearings, april, national, rayburn, federal"
CREC-2015-01-26-pt1-PgD57.pdf,"January 26, 2015",2,"senate, amendment, vote, yeas, fund, neutral, reserve, nays, states, united"
CREC-1998-07-31-pt1-PgD879.pdf,"July 31, 1998",2,"senate, amendment, vote, yeas, fund, neutral, reserve, nays, states, united"
CREC-2008-04-02-pt1-PgD359.pdf,"April 2, 2008",6,"subcommittee, department, defense, security, united, national, states, entitled, veterans, affairs"
CREC-1995-07-13-pt1-PgD850.pdf,"July 13, 1995",0,"subcommittee, states, senate, june, united, house, public, national, federal, service"
CREC-2000-03-27-pt1-PgD266.pdf,"March 27, 2000",2,"senate, amendment, vote, yeas, fund, neutral, reserve, nays, states, united"
CREC-1995-07-20-pt1-PgD889.pdf,"July 20, 1995",3,"subcommittee, states, united, federal, house, national, state, examine, public, rayburn"
CREC-2005-07-19-pt1-PgD778.pdf,"July 19, 2005",1,"house, subcommittee, vote, department, public, roll, rule, national, heard, states"
CREC-2016-04-20-pt1-PgD410-2.pdf,"April 20, 2016",5,"states, united, subcommittee, national, entitled, state, vote, district, rept, house"
CREC-2015-03-25-pt1-PgD335.pdf,"March 25, 2015",2,"senate, amendment, vote, yeas, fund, neutral, reserve, nays, states, united"
CREC-2005-09-27-pt1-PgD970.pdf,"September 27, 2005",1,"house, subcommittee, vote, department, public, roll, rule, national, heard, states"
CREC-2017-10-19-pt1-PgD1101.pdf,"October 19, 2017",2,"senate, amendment, vote, yeas, fund, neutral, reserve, nays, states, united"
CREC-2005-04-28-pt2-PgD426-3.pdf,"April 28, 2005",6,"subcommittee, department, defense, security, united, national, states, entitled, veterans, affairs"
CREC-2014-07-29-pt1-PgD873.pdf,"July 29, 2014",5,"states, united, subcommittee, national, entitled, state, vote, district, rept, house"
CREC-2025-02-24-pt1-PgD177.pdf,"February 24, 2025",6,"subcommittee, department, defense, security, united, national, states, entitled, veterans, affairs"
CREC-1997-05-08-pt1-PgD450.pdf,"May 8, 1997",2,"senate, amendment, vote, yeas, fund, neutral, reserve, nays, states, united"
CREC-2015-09-29-pt1-PgD1026-2.pdf,"September 29, 2015",0,"subcommittee, states, senate, june, united, house, public, national, federal, service"
CREC-2018-07-16-pt1-PgD817.pdf,"July 16, 2018",5,"states, united, subcommittee, national, entitled, state, vote, district, rept, house"
CREC-1996-06-19-pt2-PgD638.pdf,"June 19, 1996",2,"senate, amendment, vote, yeas, fund, neutral, reserve, nays, states, united"
CREC-2015-03-26-pt2-PgD349.pdf,"March 26, 2015",2,"senate, amendment, vote, yeas, fund, neutral, reserve, nays, states, united"
CREC-2005-07-18-pt1-PgD770-2.pdf,"July 18, 2005",1,"house, subcommittee, vote, department, public, roll, rule, national, heard, states"
CREC-2016-09-06-pt1-PgD872-2.pdf,"September 6, 2016",0,"subcommittee, states, senate, june, united, house, public, national, federal, service"
CREC-2003-05-21-pt2-PgD566.pdf,"May 21, 2003",5,"states, united, subcommittee, national, entitled, state, vote, district, rept, house"
CREC-2014-07-17-pt1-PgD809.pdf,"July 17, 2014",5,"states, united, subcommittee, national, entitled, state, vote, district, rept, house"
CREC-2018-07-16-pt1-PgD816.pdf,"July 16, 2018",3,"subcommittee, states, united, federal, house, national, state, examine, public, rayburn"
CREC-2004-12-08-pt1-PgD1128.pdf,"December 8, 2004",2,"senate, amendment, vote, yeas, fund, neutral, reserve, nays, states, united"
CREC-2016-07-13-pt1-PgD805.pdf,"July 13, 2016",1,"house, subcommittee, vote, department, public, roll, rule, national, heard, states"
CREC-2002-03-19-pt1-PgD258.pdf,"March 19, 2002",1,"house, subcommittee, vote, department, public, roll, rule, national, heard, states"
CREC-1995-02-23-pt1-PgD231.pdf,"February 23, 1995",2,"senate, amendment, vote, yeas, fund, neutral, reserve, nays, states, united"
CREC-1995-03-16-pt1-PgD363.pdf,"March 16, 1995",4,"subcommittee, march, federal, fiscal, year, national, hearings, rayburn, services, states"
CREC-1995-07-12-pt1-PgD844.pdf,"July 12, 1995",0,"subcommittee, states, senate, june, united, house, public, national, federal, service"
CREC-2016-06-14-pt1-PgD657-2.pdf,"June 14, 2016",5,"states, united, subcommittee, national, entitled, state, vote, district, rept, house"
CREC-1995-09-29-pt1-PgD1167.pdf,"September 29, 1995",2,"senate, amendment, vote, yeas, fund, neutral, reserve, nays, states, united"
CREC-1997-09-29-pt1-PgD1028.pdf,"September 29, 1997",5,"states, united, subcommittee, national, entitled, state, vote, district, rept, house"
CREC-1995-05-09-pt1-PgD570.pdf,"May 9, 1995",4,"subcommittee, march, federal, fiscal, year, national, hearings, rayburn, services, states"
CREC-1996-03-19-pt1-PgD230.pdf,"March 19, 1996",6,"subcommittee, department, defense, security, united, national, states, entitled, veterans, affairs"
CREC-2000-01-27-pt1-PgD30-2.pdf,"January 27, 2000",4,"subcommittee, march, federal, fiscal, year, national, hearings, rayburn, services, states"
CREC-2015-01-27-pt1-PgD63.pdf,"January 27, 2015",2,"senate, amendment, vote, yeas, fund, neutral, reserve, nays, states, united"
CREC-2016-02-01-pt1-PgD79-2.pdf,"February 1, 2016",4,"subcommittee, march, federal, fiscal, year, national, hearings, rayburn, services, states"
CREC-2001-03-23-pt1-PgD260-3.pdf,"March 23, 2001",7,"subcommittee, march, year, fiscal, hold, hearings, april, national, rayburn, federal"
CREC-2002-06-25-pt1-PgD678.pdf,"June 25, 2002",5,"states, united, subcommittee, national, entitled, state, vote, district, rept, house"
CREC-2015-09-28-pt1-PgD1022-2.pdf,"September 28, 2015",0,"subcommittee, states, senate, june, united, house, public, national, federal, service"
CREC-2016-07-12-pt1-PgD786.pdf,"July 12, 2016",5,"states, united, subcommittee, national, entitled, state, vote, district, rept, house"
CREC-2004-11-19-pt3-PgD1096.pdf,"November 19, 2004",1,"house, subcommittee, vote, department, public, roll, rule, national, heard, states"
CREC-2003-07-11-pt1-PgD798-3.pdf,"July 11, 2003",0,"subcommittee, states, senate, june, united, house, public, national, federal, service"
CREC-2007-05-09-pt1-PgD649.pdf,"May 9, 2007",1,"house, subcommittee, vote, department, public, roll, rule, national, heard, states"
CREC-2011-12-06-pt1-PgD1320.pdf,"December 6, 2011",6,"subcommittee, department, defense, security, united, national, states, entitled, veterans, affairs"
CREC-1996-09-16-pt1-PgD946-2.pdf,"September 16, 1996",4,"subcommittee, march, federal, fiscal, year, national, hearings, rayburn, services, states"
CREC-2015-01-22-pt1-PgD51.pdf,"January 22, 2015",2,"senate, amendment, vote, yeas, fund, neutral, reserve, nays, states, united"
CREC-2006-03-15-pt1-PgD250-2.pdf,"March 15, 2006",6,"subcommittee, department, defense, security, united, national, states, entitled, veterans, affairs"
CREC-1997-03-21-pt1-PgD290-3.pdf,"March 21, 1997",0,"subcommittee, states, senate, june, united, house, public, national, federal, service"
CREC-2007-05-04-pt1-PgD622-6.pdf,"May 4, 2007",0,"subcommittee, states, senate, june, united, house, public, national, federal, service"
CREC-1996-07-23-pt1-PgD794-2.pdf,"July 23, 1996",3,"subcommittee, states, united, federal, house, national, state, examine, public, rayburn"
CREC-2024-07-23-pt1-PgD748.pdf,"July 23, 2024",1,"house, subcommittee, vote, department, public, roll, rule, national, heard, states"
CREC-2024-12-16-pt1-PgD1143-2.pdf,"December 16, 2024",0,"subcommittee, states, senate, june, united, house, public, national, federal, service"
CREC-2003-06-24-pt1-PgD726.pdf,"June 24, 2003",1,"house, subcommittee, vote, department, public, roll, rule, national, heard, states"
CREC-2000-06-16-pt1-PgD612-4.pdf,"June 16, 2000",0,"subcommittee, states, senate, june, united, house, public, national, federal, service"
CREC-2009-02-27-pt1-PgD187.pdf,"February 27, 2009",4,"subcommittee, march, federal, fiscal, year, national, hearings, rayburn, services, states"
CREC-2013-09-10-pt1-PgD846.pdf,"September 10, 2013",3,"subcommittee, states, united, federal, house, national, state, examine, public, rayburn"
CREC-1998-10-08-pt2-PgD1126.pdf,"October 8, 1998",2,"senate, amendment, vote, yeas, fund, neutral, reserve, nays, states, united"
CREC-1997-05-06-pt1-PgD433.pdf,"May 6, 1997",1,"house, subcommittee, vote, department, public, roll, rule, national, heard, states"
CREC-2000-02-02-pt1-PgD48-2 (1).pdf,"February 2, 2000",1,"house, subcommittee, vote, department, public, roll, rule, national, heard, states"
CREC-1997-04-10-pt1-PgD319.pdf,"April 10, 1997",4,"subcommittee, march, federal, fiscal, year, national, hearings, rayburn, services, states"
CREC-2015-05-04-pt1-PgD488-5.pdf,"May 4, 2015",7,"subcommittee, march, year, fiscal, hold, hearings, april, national, rayburn, federal"
CREC-2000-03-23-pt1-PgD260-2.pdf,"March 23, 2000",5,"states, united, subcommittee, national, entitled, state, vote, district, rept, house"
CREC-1998-07-10-pt1-PgD742-4.pdf,"July 10, 1998",3,"subcommittee, states, united, federal, house, national, state, examine, public, rayburn"
CREC-1996-09-13-pt1-PgD938-4.pdf,"September 13, 1996",3,"subcommittee, states, united, federal, house, national, state, examine, public, rayburn"
CREC-1995-04-06-pt2-PgD494.pdf,"April 6, 1995",6,"subcommittee, department, defense, security, united, national, states, entitled, veterans, affairs"
CREC-2002-03-20-pt1-PgD269.pdf,"March 20, 2002",0,"subcommittee, states, senate, june, united, house, public, national, federal, service"
CREC-2001-05-23-pt1-PgD499.pdf,"May 23, 2001",2,"senate, amendment, vote, yeas, fund, neutral, reserve, nays, states, united"
CREC-2016-04-21-pt1-PgD417.pdf,"April 21, 2016",6,"subcommittee, department, defense, security, united, national, states, entitled, veterans, affairs"
CREC-1999-07-20-pt1-PgD831.pdf,"July 20, 1999",3,"subcommittee, states, united, federal, house, national, state, examine, public, rayburn"
CREC-2003-06-20-pt1-PgD703-4.pdf,"June 20, 2003",0,"subcommittee, states, senate, june, united, house, public, national, federal, service"
CREC-2005-07-13-pt1-PgD743.pdf,"July 13, 2005",0,"subcommittee, states, senate, june, united, house, public, national, federal, service"
CREC-2025-02-26-pt1-PgD192-2.pdf,"February 26, 2025",1,"house, subcommittee, vote, department, public, roll, rule, national, heard, states"
CREC-2001-03-27-pt1-PgD273.pdf,"March 27, 2001",2,"senate, amendment, vote, yeas, fund, neutral, reserve, nays, states, united"
CREC-1995-07-19-pt1-PgD883.pdf,"July 19, 1995",4,"subcommittee, march, federal, fiscal, year, national, hearings, rayburn, services, states"
CREC-2023-10-24-pt1-PgD1073-2.pdf,"October 24, 2023",0,"subcommittee, states, senate, june, united, house, public, national, federal, service"
CREC-1995-02-24-pt1-PgD241.pdf,"February 24, 1995",7,"subcommittee, march, year, fiscal, hold, hearings, april, national, rayburn, federal"
CREC-2014-07-14-pt1-PgD777.pdf,"July 14, 2014",3,"subcommittee, states, united, federal, house, national, state, examine, public, rayburn"
CREC-2005-09-15-pt1-PgD925.pdf,"September 15, 2005",0,"subcommittee, states, senate, june, united, house, public, national, federal, service"
CREC-2011-10-13-pt1-PgD1095.pdf,"October 13, 2011",1,"house, subcommittee, vote, department, public, roll, rule, national, heard, states"
CREC-1999-10-18-pt1-PgD1149.pdf,"October 18, 1999",2,"senate, amendment, vote, yeas, fund, neutral, reserve, nays, states, united"
CREC-2002-07-17-pt1-PgD770.pdf,"July 17, 2002",2,"senate, amendment, vote, yeas, fund, neutral, reserve, nays, states, united"
CREC-2018-11-09-pt1-PgD1159-3.pdf,"November 9, 2018",0,"subcommittee, states, senate, june, united, house, public, national, federal, service"
CREC-2001-03-21-pt1-PgD248-2.pdf,"March 21, 2001",4,"subcommittee, march, federal, fiscal, year, national, hearings, rayburn, services, states"
CREC-2016-02-03-pt1-PgD96.pdf,"February 3, 2016",6,"subcommittee, department, defense, security, united, national, states, entitled, veterans, affairs"
CREC-2017-09-07-pt1-PgD936.pdf,"September 7, 2017",5,"states, united, subcommittee, national, entitled, state, vote, district, rept, house"
CREC-2011-12-05-pt1-PgD1315-2.pdf,"December 5, 2011",0,"subcommittee, states, senate, june, united, house, public, national, federal, service"
CREC-2014-07-28-pt1-PgD857-4.pdf,"July 28, 2014",2,"senate, amendment, vote, yeas, fund, neutral, reserve, nays, states, united"
CREC-2016-06-14-pt1-PgD655.pdf,"June 14, 2016",0,"subcommittee, states, senate, june, united, house, public, national, federal, service"
CREC-1997-05-06-pt1-PgD431.pdf,"May 6, 1997",2,"senate, amendment, vote, yeas, fund, neutral, reserve, nays, states, united"
CREC-2004-12-07-pt1-PgD1122-2.pdf,"December 7, 2004",0,"subcommittee, states, senate, june, united, house, public, national, federal, service"
CREC-2017-02-10-pt1-PgD143-4.pdf,"February 10, 2017",5,"states, united, subcommittee, national, entitled, state, vote, district, rept, house"
CREC-2016-03-15-pt1-PgD256.pdf,"March 15, 2016",2,"senate, amendment, vote, yeas, fund, neutral, reserve, nays, states, united"
CREC-1995-08-09-pt1-PgD1013.pdf,"August 9, 1995",3,"subcommittee, states, united, federal, house, national, state, examine, public, rayburn"
CREC-2017-02-14-pt1-PgD156.pdf,"February 14, 2017",2,"senate, amendment, vote, yeas, fund, neutral, reserve, nays, states, united"
CREC-2015-09-25-pt1-PgD1012-3.pdf,"September 25, 2015",0,"subcommittee, states, senate, june, united, house, public, national, federal, service"
CREC-2015-05-05-pt1-PgD496-2.pdf,"May 5, 2015",3,"subcommittee, states, united, federal, house, national, state, examine, public, rayburn"
CREC-1995-07-28-pt1-PgD948.pdf,"July 28, 1995",3,"subcommittee, states, united, federal, house, national, state, examine, public, rayburn"
CREC-2003-04-03-pt2-PgD352.pdf,"April 3, 2003",3,"subcommittee, states, united, federal, house, national, state, examine, public, rayburn"
CREC-2016-03-14-pt1-PgD246.pdf,"March 14, 2016",1,"house, subcommittee, vote, department, public, roll, rule, national, heard, states"
CREC-2005-05-03-pt1-PgD434.pdf,"May 3, 2005",1,"house, subcommittee, vote, department, public, roll, rule, national, heard, states"
CREC-2015-05-15-pt1-PgD550-3.pdf,"May 15, 2015",2,"senate, amendment, vote, yeas, fund, neutral, reserve, nays, states, united"
CREC-2000-03-01-pt1-PgD145.pdf,"March 1, 2000",1,"house, subcommittee, vote, department, public, roll, rule, national, heard, states"
CREC-2001-05-23-pt1-PgD501.pdf,"May 23, 2001",5,"states, united, subcommittee, national, entitled, state, vote, district, rept, house"
CREC-2000-02-02-pt1-PgD48-2.pdf,"February 2, 2000",1,"house, subcommittee, vote, department, public, roll, rule, national, heard, states"
CREC-1998-03-05-pt1-PgD180.pdf,"March 5, 1998",0,"subcommittee, states, senate, june, united, house, public, national, federal, service"
CREC-2011-10-05-pt1-PgD1050.pdf,"October 5, 2011",0,"subcommittee, states, senate, june, united, house, public, national, federal, service"
CREC-2016-02-02-pt1-PgD89.pdf,"February 2, 2016",1,"house, subcommittee, vote, department, public, roll, rule, national, heard, states"
CREC-1995-06-21-pt1-PgD769.pdf,"June 21, 1995",0,"subcommittee, states, senate, june, united, house, public, national, federal, service"
CREC-2009-09-21-pt1-PgD1065.pdf,"September 21, 2009",3,"subcommittee, states, united, federal, house, national, state, examine, public, rayburn"
CREC-2001-04-03-pt1-PgD308.pdf,"April 3, 2001",3,"subcommittee, states, united, federal, house, national, state, examine, public, rayburn"
CREC-2002-07-08-pt1-PgD713.pdf,"July 8, 2002",4,"subcommittee, march, federal, fiscal, year, national, hearings, rayburn, services, states"
CREC-2001-05-04-pt1-PgD397-5.pdf,"May 4, 2001",0,"subcommittee, states, senate, june, united, house, public, national, federal, service"
CREC-2001-05-08-pt1-PgD409.pdf,"May 8, 2001",4,"subcommittee, march, federal, fiscal, year, national, hearings, rayburn, services, states"
CREC-2011-10-06-pt1-PgD1062-2.pdf,"October 6, 2011",6,"subcommittee, department, defense, security, united, national, states, entitled, veterans, affairs"
CREC-2025-10-03-pt1-PgD997-2.pdf,"October 3, 2025",5,"states, united, subcommittee, national, entitled, state, vote, district, rept, house"
CREC-2017-02-15-pt1-PgD160-2.pdf,"February 15, 2017",0,"subcommittee, states, senate, june, united, house, public, national, federal, service"
CREC-1995-03-07-pt1-PgD299-2.pdf,"March 7, 1995",4,"subcommittee, march, federal, fiscal, year, national, hearings, rayburn, services, states"
CREC-1996-03-15-pt1-PgD211-4.pdf,"March 15, 1996",6,"subcommittee, department, defense, security, united, national, states, entitled, veterans, affairs"
CREC-2001-05-09-pt1-PgD419.pdf,"May 9, 2001",2,"senate, amendment, vote, yeas, fund, neutral, reserve, nays, states, united"
CREC-1995-08-02-pt1-PgD976.pdf,"August 2, 1995",3,"subcommittee, states, united, federal, house, national, state, examine, public, rayburn"
CREC-2015-06-03-pt1-PgD639.pdf,"June 3, 2015",1,"house, subcommittee, vote, department, public, roll, rule, national, heard, states"
CREC-1996-07-19-pt1-PgD776-5.pdf,"July 19, 1996",7,"subcommittee, march, year, fiscal, hold, hearings, april, national, rayburn, federal"
CREC-1996-03-20-pt1-PgD238.pdf,"March 20, 1996",3,"subcommittee, states, united, federal, house, national, state, examine, public, rayburn"
CREC-2014-02-27-pt1-PgD191.pdf,"February 27, 2014",1,"house, subcommittee, vote, department, public, roll, rule, national, heard, states"
CREC-2002-06-21-pt1-PgD660-2.pdf,"June 21, 2002",1,"house, subcommittee, vote, department, public, roll, rule, national, heard, states"
CREC-2003-05-14-pt2-PgD526.pdf,"May 14, 2003",3,"subcommittee, states, united, federal, house, national, state, examine, public, rayburn"
CREC-1996-09-17-pt1-PgD954.pdf,"September 17, 1996",0,"subcommittee, states, senate, june, united, house, public, national, federal, service"
CREC-1995-08-03-pt2-PgD982.pdf,"August 3, 1995",3,"subcommittee, states, united, federal, house, national, state, examine, public, rayburn"
